{"MeanAbsoluteError":129450.71882597507,"MeanSquaredError":22436939794.034744,"RootMeanSquaredError":149789.65182560091,"LossFunction":22436939922.477364,"RSquared":-2.95054804794965}