{"MeanAbsoluteError":108072.60953778028,"MeanSquaredError":17297258100.729614,"RootMeanSquaredError":131519.04082956814,"LossFunction":17297258227.42812,"RSquared":-2.0791387515881534}