{"MeanAbsoluteError":108072.64363882632,"MeanSquaredError":17297261624.52489,"RootMeanSquaredError":131519.0542260888,"LossFunction":17297261660.91596,"RSquared":-2.079139378869919}