{"MeanAbsoluteError":129450.28857310036,"MeanSquaredError":22436831092.798256,"RootMeanSquaredError":149789.28897887946,"LossFunction":22436831092.547516,"RSquared":-2.950528908554458}