{"MeanAbsoluteError":129669.01369929717,"MeanSquaredError":22488449966.10772,"RootMeanSquaredError":149961.49494489483,"LossFunction":22488450109.03563,"RSquared":-2.9631446540098554}