{"MeanAbsoluteError":108072.58288750237,"MeanSquaredError":17297254230.163906,"RootMeanSquaredError":131519.02611471812,"LossFunction":17297254345.256004,"RSquared":-2.079138062576705}