{"MeanAbsoluteError":129450.16000784784,"MeanSquaredError":22436797266.0076,"RootMeanSquaredError":149789.1760642524,"LossFunction":22436797265.03669,"RSquared":-2.9505229525567582}