{"MeanAbsoluteError":129450.73950643935,"MeanSquaredError":22436943877.634083,"RootMeanSquaredError":149789.66545671326,"LossFunction":22436943895.471138,"RSquared":-2.9505487669628283}