{"MeanAbsoluteError":108071.67542523053,"MeanSquaredError":17297051582.81224,"RootMeanSquaredError":131518.25570167907,"LossFunction":17297051586.655067,"RSquared":-2.079101988690903}