{"MeanAbsoluteError":108071.72431432117,"MeanSquaredError":17297064123.224842,"RootMeanSquaredError":131518.303377229,"LossFunction":17297064118.83798,"RSquared":-2.0791042210487816}