{"MeanAbsoluteError":108072.00422234564,"MeanSquaredError":17297131292.028896,"RootMeanSquaredError":131518.55873613007,"LossFunction":17297131291.739227,"RSquared":-2.0791161779766516}