{"MeanAbsoluteError":129450.7396416151,"MeanSquaredError":22436943906.96962,"RootMeanSquaredError":149789.66555463572,"LossFunction":22436943920.505104,"RSquared":-2.9505487721280357}