{"MeanAbsoluteError":108072.58244824003,"MeanSquaredError":17297254164.639122,"RootMeanSquaredError":131519.02586561049,"LossFunction":17297254277.413033,"RSquared":-2.079138050912434}