{"MeanAbsoluteError":129450.73965377499,"MeanSquaredError":22436943907.720028,"RootMeanSquaredError":149789.66555714057,"LossFunction":22436943921.309532,"RSquared":-2.950548772260163}