{"MeanAbsoluteError":130071.66783399708,"MeanSquaredError":22595553280.638126,"RootMeanSquaredError":150318.17348756644,"LossFunction":22595553425.746094,"RSquared":-2.9802535305798803}